{
  "ModelName": "tunable_V1",
  "depth": 2,
  "layer_0": 80,
  "layer_1": 304,
  "LReLuSlope": -0.20000000000000018,
  "useBN": false,
  "dropout": 0.30000000000000004
}